{
  "width": 1280,
  "height": 720,
  "fx": 1777.7777777777778,
  "fy": 1500.0,
  "cx": 640.0,
  "cy": 360.0,
  "sensor_width_mm": 36.0,
  "sensor_height_mm": 24.0,
  "focal_length_mm": 50.0,
  "camera_to_world_4x4": [
    [
      0.7071067690849304,
      3.0908619663705394e-08,
      0.7071067690849304,
      2.0
    ],
    [
      0.7071067690849304,
      -3.0908619663705394e-08,
      -0.7071067690849304,
      0.0
    ],
    [
      0.0,
      1.0,
      -4.371138828673793e-08,
      0.5
    ],
    [
      0.0,
      0.0,
      0.0,
      1.0
    ]
  ]
}