{
  "width": 1280,
  "height": 720,
  "fx": 1777.7777777777778,
  "fy": 1500.0,
  "cx": 640.0,
  "cy": 360.0,
  "sensor_width_mm": 36.0,
  "sensor_height_mm": 24.0,
  "focal_length_mm": 50.0,
  "camera_to_world_4x4": [
    [
      -4.371138828673793e-08,
      0.2588190734386444,
      -0.9659258127212524,
      -2.5
    ],
    [
      -1.0,
      -1.1313341374830088e-08,
      4.222195926217864e-08,
      0.0
    ],
    [
      0.0,
      0.9659258127212524,
      0.2588190734386444,
      1.0
    ],
    [
      0.0,
      0.0,
      0.0,
      1.0
    ]
  ]
}