{
  "width": 640,
  "height": 480,
  "fx": 609.959655761719,
  "fy": 610.131958007813,
  "cx": 328.002136230469,
  "cy": 241.126098632813,
  "sensor_width_mm": 36.0,
  "sensor_height_mm": 27.0,
  "focal_length_mm": 26.053552851451997,
  "camera_to_world_4x4": [
    [
      0.7071067690849304,
      3.0908619663705394e-08,
      0.7071067690849304,
      2.0
    ],
    [
      0.7071067690849304,
      -3.0908619663705394e-08,
      -0.7071067690849304,
      0.0
    ],
    [
      0.0,
      1.0,
      -4.371138828673793e-08,
      0.5
    ],
    [
      0.0,
      0.0,
      0.0,
      1.0
    ]
  ]
}