{
  "width": 640,
  "height": 480,
  "fx": 609.959655761719,
  "fy": 610.131958007813,
  "cx": 328.002136230469,
  "cy": 241.126098632813,
  "sensor_width_mm": 2.47,
  "sensor_height_mm": 1.8525000000000003,
  "focal_length_mm": 1.7875632095301788,
  "camera_to_world_4x4": [
    [
      1.0,
      0.0,
      0.0,
      -3.319999933242798
    ],
    [
      0.0,
      -4.371138828673793e-08,
      -1.0,
      1.399999976158142
    ],
    [
      0.0,
      1.0,
      -4.371138828673793e-08,
      0.5
    ],
    [
      0.0,
      0.0,
      0.0,
      1.0
    ]
  ]
}