{
  "chair": {
    "class": "chair",
    "bottom_center": [
      0.20000000298023224,
      0.0,
      -0.49999749660491943
    ],
    "size": [
      0.6980469822883606,
      0.6658309698104858,
      0.9999949932098389
    ],
    "heading": 1.5707963705062866,
    "volumetric_center": [
      0.20000000298023224,
      0.0,
      0.0
    ]
  },
  "table": {
    "class": "table",
    "bottom_center": [
      0.0,
      0.0,
      -0.2392120212316513
    ],
    "size": [
      0.38603198528289795,
      1.0,
      0.4784240424633026
    ],
    "heading": 0.0,
    "volumetric_center": [
      0.0,
      0.0,
      0.0
    ]
  },
  "table_copy": {
    "class": "table",
    "bottom_center": [
      1.0,
      0.0,
      -0.2392120212316513
    ],
    "size": [
      0.38603198528289795,
      1.0,
      0.4784240424633026
    ],
    "heading": 0.0,
    "volumetric_center": [
      1.0,
      0.0,
      0.0
    ]
  }
}